检验类型,DM统计量,P值,显著性
MSE损失,2.6510861065590166,0.008023338360888754,***
MAE损失,2.055352724451023,0.03984494821304119,**
