model,weight,intercept
LSTM,0.4975075714261998,0.0018118321203511867
GRU,0.49802023438094867,0.0018118321203511867
