{
    "lstm_params": {
        "units": 150,
        "dropout": 0.2462968579989427,
        "recurrent_dropout": 0.040227669708937194,
        "l2_reg": 0.0006181065539453701,
        "learning_rate": 0.0002295600141013699
    },
    "gru_params": {
        "units": 150,
        "dropout": 0.41579437412891573,
        "recurrent_dropout": 0.066600650933163,
        "learning_rate": 0.0002070950616082725
    },
    "xgb_params": {
        "n_estimators": 91,
        "learning_rate": 0.0487307213710181,
        "max_depth": 5,
        "min_child_weight": 10,
        "subsample": 0.5784746899524377,
        "colsample_bytree": 0.7083156395264648,
        "reg_alpha": 0.02939013756116536,
        "reg_lambda": 0.010506850510122958
    },
    "optimization_method": "Manual",
    "global_seed": 12,
    "evaluation_method": "Rolling Window (No Data Leakage)"
}