model,oof_r2,weight
LSTM,0.9741946727278757,0.4999154733048692
GRU,0.9745241102448037,0.5000845266951307
