{
    "units": 150,
    "dropout": 0.41579437412891573,
    "recurrent_dropout": 0.066600650933163,
    "learning_rate": 0.0002070950616082725
}