{
    "units": 150,
    "dropout": 0.2462968579989427,
    "recurrent_dropout": 0.040227669708937194,
    "l2_reg": 0.0006181065539453701,
    "learning_rate": 0.0002295600141013699
}