SVR,MLP,CNN,BP,RNN,LSTM,GRU
0.022032799,0.017702159,0.022070116,0.019232922,0.01625338,0.01843941,0.016861802
